{
    "id": "dfreds-convenient-effects",
    "title": "DFreds Convenient Effects",
    "description": "Добавляет простые в использовании переключаемые активные эффекты для распространенных случаев использования",
    "author": "DFreds",
    "authors": [
        {
            "name": "DFreds",
            "url": "https://github.com/DFreds",
            "discord": "DFreds#1238"
        }
    ],
    "url": "https://github.com/DFreds/dfreds-convenient-effects",
    "license": "https://github.com/DFreds/dfreds-convenient-effects/blob/main/LICENSE",
    "readme": "https://github.com/DFreds/dfreds-convenient-effects/blob/main/README.md",
    "bugs": "https://github.com/DFreds/dfreds-convenient-effects/issues",
    "changelog": "https://github.com/DFreds/dfreds-convenient-effects/releases",
    "flags": {},
    "version": "3.1.1",
    "compatibility": {
        "minimum": 10,
        "verified": "10.291",
        "maximum": 10
    },
    "scripts": [],
    "esmodules": [
        "./scripts/main.js"
    ],
    "styles": [
        "./styles/dfreds-convenient-effects.css"
    ],
    "languages": [],
    "system": [
        "dnd5e",
        "sw5e"
    ],
    "relationships": {
        "systems": [
            {
                "id": "dnd5e",
                "type": "system"
            }
        ],
        "requires": [
            {
                "id": "socketlib",
                "type": "module"
            }
        ]
    },
    "packs": [
        {
            "name": "dfreds-convenient-effects-macros",
            "label": "DFreds Convenient Effects Macros",
            "path": "packs/macros.db",
            "module": "dfreds-convenient-effects",
            "type": "Macro",
            "private": false
        }
    ],
    "socket": true,
    "manifest": "https://raw.githubusercontent.com/laaruk/dfredsfork/main/module.json",
    "download": "https://github.com/laaruk/dfredsfork/raw/main/dfreds-convenient-effects.zip",
    "protected": false,
    "coreTranslation": false
}